0,0,0,0,0,0,0,0,0,0,0,0,0,0,0,0,0,0,0,0,0,0,0,0,0,0,0,0,0,0,0,0,0,0,0,0,0,0,0,0,0,0,0,0,0,0,0,0,0,0,0,0,0,0,0,0,0,0,0,0,0,0,0,0
0,0,0,0,0,0,0,0,0,0,0,0,0,0,0,0,0,0,0,0,0,0,0,0,0,0,0,0,0,0,0,0,0,0,0,0,0,0,0,0,0,0,0,0,0,0,0,0,0,0,0,0,0,0,0,0,0,0,0,0,0,0,0,0
0,0,0,0,0,0,0,0,0,0,0,0,0,0,0,0,0,0,0,0,0,0,0,0,0,0,0,0,0,0,0,0,0,0,0,0,0,0,0,0,0,0,0,0,0,0,0,0,0,0,0,0,0,0,0,0,0,0,0,0,0,0,0,0
0,0,0,0,0,0,0,0,0,0,0,0,0,0,0,0,0,0,0,0,0,0,0,0,0,0,0,0,0,0,0,0,0,0,0,0,0,0,0,0,0,0,0,0,0,0,0,0,0,0,0,0,0,0,0,0,0,0,0,0,0,0,0,0
0,0,0,0,0,0,0,0,0,0,0,0,0,0,0,0,0,0,0,0,0,0,0,0,0,0,0,0,0,0,0,0,0,0,0,0,0,0,0,0,0,0,0,0,0,0,0,0,0,0,0,0,0,0,0,0,0,0,0,0,0,0,0,0
0,0,0,0,0,0,0,0,0,0,0,0,0,0,0,0,0,0,0,0,0,0,0,0,0,0,0,0,0,0,0,0,0,0,0,0,0,0,0,0,0,0,0,0,0,0,0,0,0,0,0,0,0,0,0,0,0,0,0,0,0,0,0,0
0,0,0,0,0,0,0,0,0,0,0,0,0,0,0,0,0,0,0,0,0,0,0,0,0,0,0,0,0,0,0,5.41859e-05,0.000162558,5.41859e-05,0,0,0,0,0,0,0,0,0,0,0,0,0,0,0,0,0,0,0,0,0,0,0,0,0,0,0,0,0,0
0,0,0,0,0,0,0,0,0,0,0,0,0,0,0,0,0,0,0,0,0,0,0,0,0,0,0.000270929,0.000487673,0.000758602,0.0011379,0.00119209,0.00130046,0.00124627,0.00130046,0.00124627,0.00119209,0.000541859,0.000216743,0,0,0,0,0,0,0,0,0,0,0,0,0,0,0,0,0,0,0,0,0,0,0,0,0,0
0,0,0,0,0,0,0,0,0,0,0,0,0,0,0,0,0,0,0,0,0,0,0,5.41859e-05,0.000325115,0.000596044,0.000379301,5.41859e-05,0,0,5.41859e-05,5.41859e-05,0,0,0,0,0.000108372,0.000325115,0.000379301,0.000433487,0.000108372,0,0,0,0,0,0,0,0,0,0,0,0,0,0,0,0,0,0,0,0,0,0,0
0,0,0,0,0,0,0,0,0,0,0,0,0,0,0,0,0,0,0,0,0,0.000108372,0.000270929,0.000270929,5.41859e-05,0,0,0,0,0,5.41859e-05,5.41859e-05,0,0,0,0,0,0,0,0,0.000216743,0.000216743,0.000108372,0,0,0,0,0,0,0,0,0,0,0,0,0,0,0,0,0,0,0,0,0
0,0,0,0,0,0,0,0,0,0,0,0,0,0,0,0,0,0,0,5.41859e-05,5.41859e-05,0,0,0,0,0,5.41859e-05,5.41859e-05,5.41859e-05,0.000108372,0.000108372,5.41859e-05,0,0,0,0,0,0,0,0,0,0,0.000108372,0.000108372,0,0,0,0,0,0,0,0,0,0,0,0,0,0,0,0,0,0,0,0
0,0,0,0,0,0,0,0,0,0,0,0,0,0,0,0,0,5.41859e-05,0.000216743,5.41859e-05,5.41859e-05,5.41859e-05,5.41859e-05,0,5.41859e-05,5.41859e-05,5.41859e-05,0.000108372,0.000108372,0.000108372,0.000108372,5.41859e-05,5.41859e-05,5.41859e-05,5.41859e-05,5.41859e-05,0.000108372,5.41859e-05,5.41859e-05,0,5.41859e-05,5.41859e-05,5.41859e-05,5.41859e-05,5.41859e-05,0.000162558,5.41859e-05,5.41859e-05,0,0,0,0,0,0,0,0,0,0,0,0,0,0,0,0
0,0,0,0,0,0,0,0,0,0,0,0,0,0,0,0,0.000433487,0.000270929,0.000162558,0.000108372,0.000162558,0.000162558,0.000108372,0.000108372,0.000108372,5.41859e-05,0.000108372,0.000162558,5.41859e-05,5.41859e-05,5.41859e-05,5.41859e-05,5.41859e-05,5.41859e-05,5.41859e-05,5.41859e-05,0.000108372,0.000216743,0.000108372,0.000108372,0.000162558,0.000108372,0.000216743,0.000379301,0.000325115,0.000270929,0.000379301,0.000216743,5.41859e-05,0,0,0,0,0,0,0,0,0,0,0,0,0,0,0
0,0,0,0,0,0,0,0,0,0,0,0,0,0,0,0.000487673,0.000433487,0.000270929,0.000108372,0.000108372,0.000162558,0.000162558,0.000216743,0.000216743,0.000162558,0.000108372,0.000108372,0.000162558,0.000162558,5.41859e-05,5.41859e-05,5.41859e-05,5.41859e-05,5.41859e-05,5.41859e-05,5.41859e-05,5.41859e-05,0.000270929,0.000270929,0.000216743,0.000216743,0.000162558,0.000216743,0.000270929,0.000379301,0.000487673,0.000487673,0.000487673,0.000325115,5.41859e-05,0,0,0,0,0,0,0,0,0,0,0,0,0,0
0,0,0,0,0,0,0,0,0,0,0,0,0,5.41859e-05,0.000216743,0.000270929,5.41859e-05,0.000162558,0.000216743,0.000108372,0.000216743,0.000162558,0.000216743,0.000270929,0.000216743,0.000162558,0.000108372,0.000216743,0.000108372,0.000108372,5.41859e-05,0.000108372,0.000162558,0.000216743,0.000162558,0.000108372,0.000108372,0.000216743,0.000270929,0.000216743,0.000162558,0.000216743,0.000162558,0.000162558,0.000162558,0.000270929,0.000325115,0.000270929,0.000270929,0.000379301,0,0,0,0,0,0,0,0,0,0,0,0,0,0
0,0,0,0,0,0,0,0,0,0,0,0,0,0.000270929,0.000270929,0.000162558,0.000108372,0.000108372,0.000216743,0.000325115,0.000270929,0.000270929,0.000325115,0.000216743,0.000325115,0.000270929,0.000325115,0.000379301,0.000325115,0.000487673,0.000433487,0.000270929,0.000379301,0.000270929,0.000379301,0.000487673,0.000487673,0.000433487,0.000379301,0.000325115,0.000162558,0.000216743,0.000108372,0.000216743,0.000325115,0.000433487,0.000216743,0.000162558,0.000162558,0.000108372,0.000270929,0,0,0,0,0,0,0,0,0,0,0,0,0
0,0,0,0,0,0,0,0,0,0,0,0,0.000216743,0.000325115,0.000162558,0.000216743,0,0.000108372,0.000216743,0.000433487,0.000487673,0.000487673,0.000433487,0.000379301,0.000433487,0.000216743,0.000216743,0.000270929,0.000379301,0.000487673,0.000325115,0.000325115,0.000487673,0.000433487,0.000325115,0.000541859,0.000596044,0.000596044,0.000270929,0.000270929,0.000433487,0.000379301,0.000433487,0.000379301,0.000487673,0.000487673,0.000487673,0.000270929,0.000270929,0.000270929,0.000433487,0.000433487,0,0,0,0,0,0,0,0,0,0,0,0
0,0,0,0,0,0,0,0,0,0,0,0.000108372,0.000216743,0.000270929,0.000325115,0.000270929,0.000433487,0.000270929,0.000379301,0.00065023,0.000704416,0.00065023,0.000596044,0.000596044,0.00065023,0.000379301,0.000216743,0.000270929,0.000270929,0.000379301,0.000270929,0.000433487,0.000487673,0.000325115,0.000487673,0.000596044,0.00065023,0.000596044,0.000379301,0.000541859,0.000596044,0.00065023,0.000541859,0.000541859,0.000487673,0.000541859,0.000270929,0.000270929,0.000325115,0.000541859,0.000433487,0.000433487,0.000216743,0,0,0,0,0,0,0,0,0,0,0
0,0,0,0,0,0,0,0,0,0,5.41859e-05,0.000216743,0.000433487,0.000433487,0.000216743,0.000216743,0.000487673,0.000433487,0.000541859,0.000596044,0.000758602,0.000704416,0.000596044,0.00065023,0.000487673,0.000433487,0.000379301,0.000487673,0.000487673,0.000379301,0.000270929,0.000433487,0.000541859,0.000433487,0.000433487,0.000487673,0.000596044,0.000704416,0.000487673,0.000596044,0.000541859,0.000704416,0.000704416,0.000704416,0.00065023,0.000596044,0.000379301,0.000270929,0.000216743,0.000162558,0.000108372,0.000216743,0.000325115,5.41859e-05,0,0,0,0,0,0,0,0,0,0
0,0,0,0,0,0,0,0,0,5.41859e-05,0.000108372,0.000433487,0.000596044,0.000541859,0.000325115,0.000379301,0.00065023,0.000596044,0.000596044,0.000433487,0.000596044,0.000596044,0.000596044,0.000596044,0.000541859,0.000487673,0.000487673,0.000487673,0.00065023,0.000541859,0.000379301,0.000596044,0.000487673,0.000541859,0.00065023,0.000758602,0.00065023,0.000866974,0.00065023,0.000596044,0.00065023,0.000975345,0.000812788,0.000812788,0.00092116,0.000812788,0.000704416,0.000325115,0.000325115,0.000270929,0.000487673,0.000216743,0.000379301,0.000216743,0,0,0,0,0,0,0,0,0,0
0,0,0,0,0,0,0,0,0,5.41859e-05,0.000541859,0.000704416,0.000596044,0.000379301,0.000325115,0.000596044,0.000975345,0.00102953,0.0011379,0.000758602,0.000704416,0.000975345,0.00108372,0.000975345,0.000866974,0.000812788,0.000704416,0.00092116,0.000975345,0.00092116,0.000975345,0.00092116,0.00065023,0.000704416,0.00092116,0.000812788,0.000758602,0.000758602,0.000704416,0.000758602,0.00102953,0.0011379,0.00119209,0.00130046,0.00135465,0.00146302,0.00102953,0.000704416,0.00065023,0.000487673,0.000433487,0.000487673,0.000758602,0.00065023,0.000162558,0,0,0,0,0,0,0,0,0
0,0,0,0,0,0,0,0,0,0.000433487,0.000704416,0.000758602,0.000379301,0.000325115,0.000541859,0.00108372,0.00130046,0.00130046,0.00108372,0.000812788,0.0011379,0.0011379,0.0015172,0.00124627,0.0011379,0.000812788,0.000975345,0.00108372,0.00102953,0.0011379,0.00124627,0.00135465,0.00140883,0.00130046,0.00119209,0.00108372,0.00119209,0.00119209,0.00102953,0.00119209,0.0011379,0.0015172,0.0015172,0.0015172,0.00184232,0.0015172,0.00135465,0.00108372,0.000975345,0.000812788,0.000704416,0.000596044,0.000541859,0.000975345,0.00065023,0,0,0,0,0,0,0,0,0
0,0,0,0,0,0,0,0,0,0.000487673,0.000812788,0.000866974,0.000596044,0.000975345,0.000975345,0.00135465,0.00124627,0.00140883,0.00102953,0.00119209,0.00102953,0.00130046,0.0011379,0.00108372,0.00119209,0.000596044,0.000758602,0.00092116,0.000866974,0.0011379,0.00167976,0.00167976,0.00124627,0.00119209,0.000975345,0.00065023,0.00108372,0.00119209,0.0011379,0.000975345,0.00130046,0.0015172,0.00140883,0.00173395,0.00157139,0.00146302,0.00108372,0.00119209,0.00146302,0.00108372,0.00065023,0.000866974,0.000541859,0.00102953,0.00130046,0.000270929,0,0,0,0,0,0,0,0
0,0,0,0,0,0,0,0,0.000162558,0.00119209,0.00135465,0.0011379,0.000758602,0.00119209,0.00119209,0.00102953,0.00140883,0.00130046,0.00130046,0.000975345,0.00102953,0.00130046,0.00119209,0.00124627,0.0011379,0.000866974,0.0011379,0.000812788,0.000758602,0.000975345,0.0015172,0.00130046,0.0011379,0.000975345,0.00108372,0.000812788,0.00102953,0.0015172,0.000812788,0.000812788,0.00092116,0.0011379,0.00140883,0.00162558,0.0015172,0.00167976,0.00124627,0.00135465,0.00130046,0.00124627,0.00102953,0.000975345,0.00092116,0.00102953,0.00238418,0.00108372,0,0,0,0,0,0,0,0
0,0,0,0,0,0,0,5.41859e-05,0.000758602,0.00102953,0.00108372,0.0011379,0.000975345,0.00140883,0.00119209,0.0015172,0.00135465,0.00119209,0.00157139,0.00135465,0.00140883,0.00130046,0.00140883,0.0011379,0.00108372,0.00124627,0.0011379,0.00092116,0.000758602,0.00092116,0.00130046,0.00108372,0.000812788,0.000758602,0.000812788,0.000975345,0.000812788,0.00130046,0.00102953,0.00124627,0.00130046,0.00108372,0.00135465,0.00146302,0.00140883,0.00167976,0.00146302,0.00162558,0.0015172,0.00146302,0.00102953,0.00108372,0.000812788,0.000541859,0.00200488,0.00178813,0.000162558,0,0,0,0,0,0,0
0,0,0,0,0,0,0,0,0.000812788,0.0011379,0.00119209,0.00130046,0.00146302,0.00124627,0.00140883,0.00173395,0.00162558,0.00108372,0.00108372,0.00135465,0.00108372,0.00124627,0.00124627,0.00119209,0.00140883,0.00108372,0.00102953,0.000812788,0.000812788,0.000812788,0.000812788,0.000866974,0.000812788,0.000812788,0.00092116,0.00092116,0.00102953,0.0011379,0.000812788,0.00135465,0.00119209,0.000975345,0.00119209,0.00124627,0.00108372,0.00130046,0.00140883,0.00135465,0.00173395,0.00124627,0.000975345,0.00102953,0.00102953,0.000704416,0.00205906,0.00232999,0.000704416,0,0,0,0,0,0,0
0,0,0,0,0,0,0,0.000270929,0.000866974,0.00124627,0.00119209,0.00124627,0.000975345,0.000866974,0.000866974,0.00135465,0.00119209,0.000812788,0.000812788,0.000758602,0.000812788,0.00102953,0.000866974,0.000975345,0.00102953,0.000866974,0.00065023,0.000596044,0.000596044,0.000487673,0.000487673,0.000596044,0.000704416,0.000704416,0.00065023,0.000487673,0.000487673,0.000812788,0.000812788,0.000812788,0.00092116,0.000975345,0.00102953,0.0011379,0.00108372,0.0011379,0.000866974,0.00130046,0.00140883,0.00108372,0.000758602,0.000758602,0.00065023,0.000812788,0.00167976,0.00216743,0.000596044,0,0,0,0,0,0,0
0,0,0,0,0,0,0,0.000162558,0.000379301,0.000758602,0.00065023,0.000433487,0.000487673,0.00065023,0.00065023,0.000812788,0.00092116,0.000812788,0.000596044,0.000541859,0.000487673,0.000758602,0.00065023,0.000704416,0.00065023,0.000596044,0.000541859,0.000162558,0.000379301,0.000379301,0.000325115,0.000433487,0.000487673,0.000541859,0.000379301,0.000108372,0.000270929,0.000433487,0.000541859,0.000487673,0.000325115,0.000487673,0.000704416,0.000704416,0.000541859,0.00065023,0.00065023,0.000758602,0.000704416,0.000596044,0.00065023,0.000325115,0.000487673,0.000812788,0.00124627,0.00162558,0.000866974,5.41859e-05,0,0,0,0,0,0
0,0,0,0,0,0,0,5.41859e-05,0.000216743,0.000433487,0.000487673,0.000162558,0.000216743,0.000325115,0.000270929,0.000270929,0.000270929,0.000487673,0.000325115,0.000162558,0.000216743,0.000325115,0.000433487,0.000433487,0.000325115,0.000270929,0.000216743,0.000162558,0.000216743,0.000162558,0.000162558,5.41859e-05,0.000162558,0.000325115,0.000216743,5.41859e-05,0.000162558,0.000162558,0.000325115,0.000487673,0.000379301,0.000541859,0.000487673,0.000487673,0.000325115,0.000325115,0.000270929,0.000433487,0.000379301,0.000487673,0.000433487,0.000162558,0.000162558,0.000270929,0.000379301,0.000758602,0.000487673,0,0,0,0,0,0,0
0,0,0,0,0,0,0,5.41859e-05,5.41859e-05,5.41859e-05,0.000108372,0.000108372,0.000216743,0.000162558,0.000162558,0.000162558,0.000216743,0.000270929,0.000162558,5.41859e-05,0.000162558,0.000270929,0.000162558,0.000216743,0.000216743,0.000270929,0.000108372,0.000162558,0.000162558,0.000108372,5.41859e-05,0,0.000108372,0.000216743,0.000216743,0.000162558,0.000108372,5.41859e-05,0.000162558,0.000325115,0.000270929,0.000379301,0.000379301,0.000270929,0.000216743,0.000216743,0.000216743,0.000270929,0.000216743,0.000433487,0.000379301,0.000216743,0.000162558,0.000162558,0.000216743,0.000270929,0.000325115,0,0,0,0,0,0,0
0,0,0,0,0,0,0,5.41859e-05,0,5.41859e-05,0,0.000108372,0.000108372,0,0.000108372,0.000216743,0.000216743,0.000216743,0.000216743,0.000108372,0.000108372,0.000108372,0.000162558,0.000162558,0.000162558,0.000270929,0.000108372,0.000216743,5.41859e-05,0.000108372,5.41859e-05,0.000108372,5.41859e-05,0.000108372,0.000162558,0.000162558,0.000108372,0.000108372,0.000216743,0.000216743,0.000270929,0.000325115,0.000379301,0.000270929,0.000162558,0.000162558,0.000162558,0.000162558,0.000108372,0.000162558,0.000216743,0.000216743,0.000108372,0.000162558,0.000108372,5.41859e-05,0.000162558,0,0,0,0,0,0,0
0,0,0,0,0,0,0,5.41859e-05,0,5.41859e-05,5.41859e-05,5.41859e-05,5.41859e-05,5.41859e-05,0,0.000108372,0.000270929,0.000216743,0.000162558,0.000108372,5.41859e-05,5.41859e-05,0.000108372,0.000162558,0.000216743,0.000270929,0.000162558,5.41859e-05,0.000108372,5.41859e-05,0.000108372,5.41859e-05,5.41859e-05,0.000108372,5.41859e-05,0.000108372,0.000108372,0.000216743,0.000162558,0.000162558,0.000216743,0.000216743,0.000216743,0.000270929,0.000162558,0.000108372,0.000216743,0.000108372,5.41859e-05,0.000108372,0.000108372,5.41859e-05,5.41859e-05,0.000108372,5.41859e-05,5.41859e-05,5.41859e-05,0,0,0,0,0,0,0
0,0,0,0,0,0,0,5.41859e-05,5.41859e-05,5.41859e-05,5.41859e-05,5.41859e-05,5.41859e-05,5.41859e-05,5.41859e-05,5.41859e-05,0.000162558,0.000162558,0.000108372,0.000108372,5.41859e-05,5.41859e-05,5.41859e-05,0.000162558,0.000216743,0.000216743,0.000162558,0.000108372,0.000108372,0.000162558,0.000162558,5.41859e-05,5.41859e-05,5.41859e-05,5.41859e-05,5.41859e-05,0.000162558,0.000270929,0.000108372,0.000270929,0.000325115,0.000270929,0.000216743,0.000270929,5.41859e-05,0.000162558,0.000270929,0.000108372,5.41859e-05,5.41859e-05,5.41859e-05,5.41859e-05,0,0,0,0,5.41859e-05,0,0,0,0,0,0,0
0,0,0,0,0,0,0,5.41859e-05,5.41859e-05,0,0,0,0,0,0,5.41859e-05,0.000270929,0.000216743,0.000325115,0.000216743,0.000270929,0.000270929,0.000216743,0.000216743,0.000162558,0.000216743,0.000162558,5.41859e-05,0.000162558,0.000216743,0.000270929,0.000216743,0.000162558,0.000108372,5.41859e-05,0.000108372,0.000162558,0.000379301,0.000270929,0.000270929,0.000325115,0.000216743,0.000270929,0.000270929,0,0.000108372,0.000162558,0.000108372,0,0,0,0,0,0,0,0,5.41859e-05,0,0,0,0,0,0,0
0,0,0,0,0,0,0,5.41859e-05,0.000108372,5.41859e-05,5.41859e-05,5.41859e-05,0.000162558,0.000108372,0.000162558,0.000216743,0.000541859,0.000541859,0.000433487,0.000433487,0.000325115,0.000325115,0.000270929,0.000270929,0.000108372,0.000162558,0.000108372,0.000216743,0.000216743,0.000216743,0.000270929,0.000270929,0.000270929,0.000216743,0.000216743,0.000270929,0.000216743,0.000433487,0.000325115,0.000487673,0.000325115,0.000433487,0.000541859,0.000270929,0.000270929,0.000216743,0.000162558,0.000108372,0,5.41859e-05,0.000162558,5.41859e-05,0,5.41859e-05,0,0,5.41859e-05,0,0,0,0,0,0,0
0,0,0,0,0,0,0,0,0.000216743,0.000216743,0.000216743,0.000433487,0.000379301,0.000325115,0.000216743,0.000379301,0.000541859,0.000704416,0.000758602,0.000541859,0.000596044,0.000487673,0.000379301,0.000270929,0.000270929,0.000325115,0.000325115,0.000270929,0.000325115,0.000325115,0.000487673,0.000487673,0.000541859,0.000541859,0.000433487,0.000596044,0.000433487,0.000487673,0.000704416,0.00065023,0.000433487,0.000487673,0.000596044,0.000487673,0.000487673,0.000379301,0.000270929,0.000270929,0.000216743,0.000270929,0.000216743,0.000216743,0.000162558,0.000108372,5.41859e-05,0.000216743,0.000108372,0,0,0,0,0,0,0
0,0,0,0,0,0,0,0.000108372,0.000325115,0.000379301,0.000379301,0.000487673,0.00065023,0.000541859,0.000596044,0.000379301,0.000758602,0.000866974,0.000704416,0.000596044,0.00065023,0.00065023,0.000704416,0.000596044,0.000379301,0.000487673,0.00065023,0.000975345,0.000541859,0.000704416,0.000866974,0.000975345,0.000866974,0.000596044,0.000704416,0.000758602,0.000487673,0.00065023,0.00092116,0.000812788,0.00065023,0.000596044,0.000596044,0.000596044,0.000758602,0.00065023,0.000325115,0.000487673,0.000596044,0.000487673,0.000325115,0.000379301,0.000433487,0.000379301,0.000379301,0.000541859,0.000162558,0,0,0,0,0,0,0
0,0,0,0,0,0,0,5.41859e-05,0.000379301,0.000325115,0.000541859,0.000541859,0.000812788,0.000812788,0.000812788,0.000866974,0.000866974,0.000975345,0.00102953,0.000812788,0.000704416,0.000704416,0.000758602,0.000866974,0.000596044,0.000812788,0.00092116,0.000975345,0.000758602,0.00102953,0.00108372,0.00124627,0.0011379,0.000975345,0.000866974,0.000975345,0.00092116,0.000704416,0.00092116,0.00092116,0.000975345,0.000758602,0.000596044,0.000812788,0.0011379,0.00130046,0.00108372,0.00102953,0.0011379,0.00092116,0.000812788,0.000866974,0.000975345,0.000704416,0.000487673,0.000866974,0.000162558,0,0,0,0,0,0,0
0,0,0,0,0,0,0,0,0.000487673,0.000541859,0.000596044,0.000704416,0.00108372,0.00119209,0.00108372,0.00092116,0.000866974,0.000758602,0.000975345,0.00092116,0.00092116,0.00092116,0.000758602,0.00092116,0.000975345,0.000975345,0.0011379,0.00108372,0.000866974,0.00124627,0.00135465,0.00130046,0.00102953,0.000704416,0.000866974,0.00124627,0.00092116,0.00108372,0.00119209,0.00102953,0.00092116,0.00092116,0.00102953,0.00108372,0.00119209,0.0015172,0.00162558,0.00124627,0.00162558,0.00140883,0.00102953,0.00102953,0.000812788,0.00065023,0.00124627,0.00140883,0.000162558,0,0,0,0,0,0,0
0,0,0,0,0,0,0,0,0.000216743,0.000487673,0.000812788,0.00092116,0.000758602,0.00124627,0.00092116,0.00092116,0.00108372,0.00108372,0.00130046,0.00146302,0.00119209,0.00119209,0.000812788,0.000758602,0.000812788,0.00092116,0.00092116,0.00102953,0.0011379,0.00130046,0.00162558,0.00146302,0.0011379,0.00130046,0.00119209,0.00135465,0.00102953,0.00124627,0.00092116,0.0011379,0.000866974,0.000975345,0.00092116,0.00108372,0.00130046,0.00124627,0.00124627,0.00108372,0.000975345,0.00108372,0.000975345,0.000975345,0.00102953,0.000866974,0.00162558,0.00124627,0,0,0,0,0,0,0,0
0,0,0,0,0,0,0,0,0.000325115,0.00065023,0.00092116,0.00119209,0.00108372,0.00135465,0.00119209,0.000866974,0.00092116,0.0011379,0.00130046,0.00119209,0.00102953,0.00124627,0.000866974,0.00092116,0.000866974,0.000758602,0.000975345,0.000704416,0.000596044,0.00102953,0.00119209,0.00102953,0.000758602,0.00119209,0.000758602,0.0011379,0.00102953,0.00102953,0.000812788,0.000704416,0.000758602,0.00065023,0.000866974,0.0011379,0.00130046,0.00135465,0.00135465,0.00130046,0.00102953,0.00124627,0.00092116,0.000975345,0.00092116,0.00108372,0.00167976,0.000866974,0,0,0,0,0,0,0,0
0,0,0,0,0,0,0,0,0.000108372,0.000325115,0.000704416,0.00092116,0.0011379,0.00102953,0.00102953,0.000758602,0.000758602,0.00065023,0.0011379,0.000812788,0.000866974,0.00108372,0.000975345,0.000975345,0.000812788,0.00092116,0.000866974,0.000487673,0.00092116,0.00092116,0.000866974,0.000596044,0.000541859,0.00102953,0.000758602,0.000866974,0.000596044,0.000812788,0.000758602,0.00092116,0.000758602,0.00065023,0.000975345,0.00130046,0.0011379,0.00146302,0.00167976,0.00140883,0.00102953,0.00108372,0.000866974,0.000596044,0.000866974,0.00157139,0.00184232,0.000379301,0,0,0,0,0,0,0,0
0,0,0,0,0,0,0,0,0,0.000216743,0.000541859,0.000812788,0.00108372,0.000975345,0.000758602,0.000758602,0.000487673,0.00065023,0.000541859,0.000379301,0.000866974,0.00092116,0.000812788,0.000866974,0.000975345,0.000975345,0.000704416,0.000596044,0.000433487,0.000379301,0.000433487,0.000487673,0.000596044,0.000487673,0.000433487,0.00065023,0.000704416,0.000596044,0.00065023,0.000866974,0.000596044,0.000541859,0.00092116,0.00092116,0.00102953,0.00146302,0.00140883,0.00135465,0.000812788,0.000596044,0.000596044,0.000596044,0.000325115,0.0011379,0.000758602,5.41859e-05,0,0,0,0,0,0,0,0
0,0,0,0,0,0,0,0,0,5.41859e-05,0.000270929,0.000433487,0.000704416,0.00065023,0.000596044,0.000433487,0.000596044,0.000270929,0.000270929,0.000216743,0.000487673,0.000433487,0.000325115,0.000379301,0.00065023,0.000596044,0.000433487,0.000487673,0.000379301,0.000487673,0.000433487,0.000433487,0.000596044,0.000325115,0.000270929,0.000541859,0.000596044,0.000541859,0.000541859,0.000379301,0.000325115,0.000487673,0.000596044,0.000704416,0.00102953,0.00124627,0.0011379,0.00108372,0.000704416,0.000379301,0.000541859,0.000433487,0.000541859,0.000812788,0.000379301,0,0,0,0,0,0,0,0,0
0,0,0,0,0,0,0,0,0,0,0.000108372,0.000216743,0.000379301,0.000541859,0.000216743,0.000325115,0.000270929,0.000162558,0.000270929,0.000379301,0.000379301,0.000216743,0.000162558,0.000325115,0.000379301,0.000379301,0.000325115,0.000270929,0.000433487,0.000487673,0.000433487,0.000433487,0.000325115,0.000216743,0.000325115,0.000379301,0.000270929,0.000162558,0.000270929,0.000162558,0.000216743,0.000433487,0.000487673,0.000379301,0.00065023,0.000758602,0.000596044,0.000758602,0.000541859,0.000325115,0.000325115,0.000325115,0.000541859,0.000433487,0,0,0,0,0,0,0,0,0,0
0,0,0,0,0,0,0,0,0,0,0,0,0.000216743,0.000379301,0.000216743,0.000162558,0.000108372,0.000162558,0.000216743,0.000216743,0.000162558,5.41859e-05,0.000108372,0.000108372,0.000216743,0.000216743,0.000325115,0.000270929,0.000216743,0.000270929,0.000379301,0.000108372,0.000162558,0.000108372,0.000162558,0.000162558,0.000108372,0.000108372,5.41859e-05,0.000216743,0.000379301,0.000325115,0.000325115,0.000216743,0.000325115,0.000216743,0.000270929,0.000379301,0.000379301,0.000596044,0.000487673,0.000487673,0.000216743,5.41859e-05,0,0,0,0,0,0,0,0,0,0
0,0,0,0,0,0,0,0,0,0,0,0,0.000108372,0.000108372,0.000162558,0,0,5.41859e-05,0.000108372,0.000270929,0.000216743,0.000162558,0.000108372,0.000162558,0.000108372,0.000162558,0.000216743,0.000216743,0.000108372,0.000325115,0.000216743,0.000108372,5.41859e-05,5.41859e-05,5.41859e-05,5.41859e-05,0.000108372,0.000162558,0.000108372,0.000216743,0.000325115,0.000433487,0.000379301,0.000325115,0.000270929,0.000216743,0.000270929,0.000487673,0.000487673,0.000596044,0.000379301,0.000216743,5.41859e-05,0,0,0,0,0,0,0,0,0,0,0
0,0,0,0,0,0,0,0,0,0,0,0,0,0,0,0,0,5.41859e-05,0.000108372,0.000216743,0.000162558,0.000108372,5.41859e-05,5.41859e-05,5.41859e-05,0,0.000162558,0.000162558,0.000216743,0.000216743,0.000325115,0.000162558,0.000108372,0,0,0.000108372,5.41859e-05,0.000108372,0.000162558,0.000216743,0.000270929,0.000325115,0.000379301,0.000270929,5.41859e-05,5.41859e-05,5.41859e-05,0.000270929,0.000270929,0.000216743,5.41859e-05,5.41859e-05,5.41859e-05,0,0,0,0,0,0,0,0,0,0,0
0,0,0,0,0,0,0,0,0,0,0,0,0,0,0,0.000108372,5.41859e-05,5.41859e-05,0.000108372,5.41859e-05,5.41859e-05,5.41859e-05,5.41859e-05,5.41859e-05,5.41859e-05,5.41859e-05,0.000108372,0.000162558,0.000216743,0.000162558,0.000216743,0.000162558,0.000108372,5.41859e-05,5.41859e-05,5.41859e-05,5.41859e-05,5.41859e-05,0.000162558,0.000162558,0.000162558,0.000270929,0.000270929,0.000162558,0.000108372,0,0,0.000108372,0.000162558,5.41859e-05,0,0,0,0,0,0,0,0,0,0,0,0,0,0
0,0,0,0,0,0,0,0,0,0,0,0,0,0,0,5.41859e-05,0.000108372,5.41859e-05,5.41859e-05,0,0,0,0,0,0,0,0.000108372,5.41859e-05,0.000162558,5.41859e-05,0,0,5.41859e-05,0.000108372,0,0.000108372,0.000108372,0.000216743,0.000108372,0.000216743,0.000216743,0.000216743,0.000270929,0.000162558,0,0,5.41859e-05,0.000108372,0.000108372,0,0,0,0,0,0,0,0,0,0,0,0,0,0,0
0,0,0,0,0,0,0,0,0,0,0,0,0,0,5.41859e-05,5.41859e-05,0.000108372,0,0,0,0,5.41859e-05,5.41859e-05,5.41859e-05,0,5.41859e-05,5.41859e-05,5.41859e-05,0.000108372,0.000162558,5.41859e-05,0.000108372,0.000108372,0.000108372,5.41859e-05,0.000162558,0.000162558,0.000108372,0,0.000162558,0.000108372,5.41859e-05,0.000108372,5.41859e-05,0.000108372,5.41859e-05,5.41859e-05,5.41859e-05,0,0,0,0,0,0,0,0,0,0,0,0,0,0,0,0
0,0,0,0,0,0,0,0,0,0,0,0,0,0,0,0,0.000325115,0.000379301,0.000162558,5.41859e-05,0,0,0.000216743,0.000216743,0.000270929,0.000216743,0.000108372,5.41859e-05,0.000162558,0.000216743,0.000162558,0.000270929,0.000162558,0.000162558,0.000216743,0.000270929,0.000108372,0,5.41859e-05,0.000162558,5.41859e-05,0,5.41859e-05,5.41859e-05,5.41859e-05,5.41859e-05,5.41859e-05,5.41859e-05,5.41859e-05,0,0,0,0,0,0,0,0,0,0,0,0,0,0,0
0,0,0,0,0,0,0,0,0,0,0,0,0,0,0,0,5.41859e-05,0.000270929,0.000541859,0.000541859,5.41859e-05,0.000108372,0.000216743,0.000433487,0.000379301,0.000379301,0.000270929,0.000325115,0.000379301,0.000325115,0.000325115,0.000216743,0.000162558,0.000216743,0.000216743,0.000216743,0.000108372,0.000108372,0.000108372,0.000162558,0.000270929,0.000270929,0.000216743,0.000108372,0.000162558,0.000270929,0.000325115,0,0,0,0,0,0,0,0,0,0,0,0,0,0,0,0,0
0,0,0,0,0,0,0,0,0,0,0,0,0,0,0,0,0,0,0.000216743,0.000596044,0.000379301,0.000162558,0.000379301,0.000433487,0.000325115,0.000162558,0.000108372,0.000270929,0.000216743,0.000162558,0.000108372,0,5.41859e-05,0.000108372,0.000162558,0.000162558,5.41859e-05,0.000108372,5.41859e-05,0.000216743,0.000108372,0.000216743,0.000270929,0.000325115,0.000325115,5.41859e-05,0,0,0,0,0,0,0,0,0,0,0,0,0,0,0,0,0,0
0,0,0,0,0,0,0,0,0,0,0,0,0,0,0,0,0,0,0,0,5.41859e-05,0.000325115,0.000379301,0.000433487,0.000216743,0.000162558,0.000108372,0.000162558,5.41859e-05,0,5.41859e-05,5.41859e-05,0.000108372,0.000108372,0.000108372,0.000162558,0.000108372,0.000162558,5.41859e-05,0.000216743,0.000379301,0.00065023,0.000433487,0.000108372,5.41859e-05,0,0,0,0,0,0,0,0,0,0,0,0,0,0,0,0,0,0,0
0,0,0,0,0,0,0,0,0,0,0,0,0,0,0,0,0,0,0,0,0,5.41859e-05,0.000108372,0.000270929,0.000379301,0.000270929,0.000596044,0.000216743,0.000108372,0.000216743,0.000108372,0.000162558,0.000162558,0.000162558,0.000270929,0.000216743,0.000216743,0.00065023,0.000812788,0.000812788,0.000541859,0.000216743,5.41859e-05,0,0,0,0,0,0,0,0,0,0,0,0,0,0,0,0,0,0,0,0,0
0,0,0,0,0,0,0,0,0,0,0,0,0,0,0,0,0,0,0,0,0,0,0,0,0,0.000162558,0.000596044,0.00102953,0.00092116,0.000866974,0.00108372,0.00130046,0.00119209,0.00130046,0.00119209,0.00108372,0.0011379,0.000812788,0.000162558,5.41859e-05,0,0,0,0,0,0,0,0,0,0,0,0,0,0,0,0,0,0,0,0,0,0,0,0
0,0,0,0,0,0,0,0,0,0,0,0,0,0,0,0,0,0,0,0,0,0,0,0,0,0,0,5.41859e-05,0.000108372,0.000108372,0.000270929,0.000541859,0.000433487,0.000270929,0.000162558,0,0,0,0,0,0,0,0,0,0,0,0,0,0,0,0,0,0,0,0,0,0,0,0,0,0,0,0,0
0,0,0,0,0,0,0,0,0,0,0,0,0,0,0,0,0,0,0,0,0,0,0,0,0,0,0,0,0,0,0,0,0,0,0,0,0,0,0,0,0,0,0,0,0,0,0,0,0,0,0,0,0,0,0,0,0,0,0,0,0,0,0,0
0,0,0,0,0,0,0,0,0,0,0,0,0,0,0,0,0,0,0,0,0,0,0,0,0,0,0,0,0,0,0,0,0,0,0,0,0,0,0,0,0,0,0,0,0,0,0,0,0,0,0,0,0,0,0,0,0,0,0,0,0,0,0,0
0,0,0,0,0,0,0,0,0,0,0,0,0,0,0,0,0,0,0,0,0,0,0,0,0,0,0,0,0,0,0,0,0,0,0,0,0,0,0,0,0,0,0,0,0,0,0,0,0,0,0,0,0,0,0,0,0,0,0,0,0,0,0,0
0,0,0,0,0,0,0,0,0,0,0,0,0,0,0,0,0,0,0,0,0,0,0,0,0,0,0,0,0,0,0,0,0,0,0,0,0,0,0,0,0,0,0,0,0,0,0,0,0,0,0,0,0,0,0,0,0,0,0,0,0,0,0,0
0,0,0,0,0,0,0,0,0,0,0,0,0,0,0,0,0,0,0,0,0,0,0,0,0,0,0,0,0,0,0,0,0,0,0,0,0,0,0,0,0,0,0,0,0,0,0,0,0,0,0,0,0,0,0,0,0,0,0,0,0,0,0,0
0,0,0,0,0,0,0,0,0,0,0,0,0,0,0,0,0,0,0,0,0,0,0,0,0,0,0,0,0,0,0,0,0,0,0,0,0,0,0,0,0,0,0,0,0,0,0,0,0,0,0,0,0,0,0,0,0,0,0,0,0,0,0,0
