0,0,0,0,0,0,0,0,0,0,0,0,0,0,0,0,0,0,0,0,0,0,0,0,0,0,0,0,0,0,0,0,0,0,0,0,0,0,0,0,0,0,0,0,0,0,0,0,0,0,0,0,0,0,0,0,0,0,0,0,0,0,0,0
0,0,0,0,0,0,0,0,0,0,0,0,0,0,0,0,0,0,0,0,0,0,0,0,0,0,0,0,0,0,0,0,0,0,0,0,0,0,0,0,0,0,0,0,0,0,0,0,0,0,0,0,0,0,0,0,0,0,0,0,0,0,0,0
0,0,0,0,0,0,0,0,0,0,0,0,0,0,0,0,0,0,0,0,0,0,0,0,0,0,0,0,0,0,0,0,0,0,0,0,0,0,0,0,0,0,0,0,0,0,0,0,0,0,0,0,0,0,0,0,0,0,0,0,0,0,0,0
0,0,0,0,0,0,0,0,0,0,0,0,0,0,0,0,0,0,0,0,0,0,0,0,0,0,0,0,0,0,0,0,0,0,0,0,0,0,0,0,0,0,0,0,0,0,0,0,0,0,0,0,0,0,0,0,0,0,0,0,0,0,0,0
0,0,0,0,0,0,0,0,0,0,0,0,0,0,0,0,0,0,0,0,0,0,0,0,0,0,0,0,0,0,0,0,0,0,0,0,0,0,0,0,0,0,0,0,0,0,0,0,0,0,0,0,0,0,0,0,0,0,0,0,0,0,0,0
0,0,0,0,0,0,0,0,0,0,0,0,0,0,0,0,0,0,0,0,0,0,0,0,0,0,0,0,0,0,0,0,0,0,0,0,0,0,0,0,0,0,0,0,0,0,0,0,0,0,0,0,0,0,0,0,0,0,0,0,0,0,0,0
0,0,0,0,0,0,0,0,0,0,0,0,0,0,0,0,0,0,0,0,0,0,0,0,0,0,0,5.07E-05,7.18E-05,0.00014353,0.000164637,0.000223737,0.000244845,0.00023218,0.000181523,0.000109758,4.64E-05,0,0,0,0,0,0,0,0,0,0,0,0,0,0,0,0,0,0,0,0,0,0,0,0,0,0,0
0,0,0,0,0,0,0,0,0,0,0,0,0,0,0,0,0,0,0,0,0,0,0,4.22E-06,2.11E-05,9.71E-05,0.000211073,0.000295502,0.000367267,0.000498132,0.000531904,0.000586783,0.000565675,0.00057834,0.000582561,0.000569897,0.000354602,0.000194187,7.18E-05,1.69E-05,0,0,0,0,0,0,0,0,0,0,0,0,0,0,0,0,0,0,0,0,0,0,0,0
0,0,0,0,0,0,0,0,0,0,0,0,0,0,0,0,0,0,0,0,0,0,2.11E-05,0.000130865,0.000189966,0.000249066,0.000164637,5.07E-05,2.11E-05,2.96E-05,3.38E-05,2.53E-05,1.27E-05,1.69E-05,3.38E-05,3.38E-05,7.60E-05,0.000156194,0.000194187,0.000139308,4.64E-05,0,0,0,0,0,0,0,0,0,0,0,0,0,0,0,0,0,0,0,0,0,0,0
0,0,0,0,0,0,0,0,0,0,0,0,0,0,0,0,0,0,0,0,2.96E-05,0.000126644,0.000194187,0.000160415,4.22E-05,3.38E-05,2.53E-05,2.96E-05,1.69E-05,2.11E-05,1.69E-05,2.11E-05,2.11E-05,2.11E-05,2.96E-05,2.53E-05,1.69E-05,1.27E-05,2.11E-05,0,7.60E-05,0.000118201,5.07E-05,4.22E-06,0,0,0,0,0,0,0,0,0,0,0,0,0,0,0,0,0,0,0,0
0,0,0,0,0,0,0,0,0,0,0,0,0,0,0,0,0,4.22E-06,5.91E-05,0.000147751,0.000151972,8.02E-05,8.87E-05,0.000109758,0.000118201,0.000147751,0.000151972,0.000177301,0.000189966,0.000181523,0.000177301,0.000164637,0.000147751,0.000113979,0.000113979,0.000109758,6.33E-05,5.91E-05,6.75E-05,4.22E-05,3.38E-05,0,2.96E-05,8.02E-05,4.22E-05,0,0,0,0,0,0,0,0,0,0,0,0,0,0,0,0,0,0,0
0,0,0,0,0,0,0,0,0,0,0,0,0,0,0,0,3.38E-05,0.000156194,0.000295502,0.00026173,0.000240623,0.000278616,0.000308166,0.000303945,0.00034616,0.000363045,0.000384153,0.000481246,0.000515018,0.000523461,0.000493911,0.000498132,0.000477025,0.000451696,0.00043481,0.000379931,0.000325052,0.000265952,0.000206851,0.00017308,0.000164637,0.000135087,0.000126644,0.000113979,7.18E-05,0.000151972,6.33E-05,2.96E-05,0,0,0,0,0,0,0,0,0,0,0,0,0,0,0,0
0,0,0,0,0,0,0,0,0,0,0,0,0,0,0,6.33E-05,0.000308166,0.00040526,0.000350381,0.000388374,0.00046436,0.000519239,0.000523461,0.000553011,0.000582561,0.000527682,0.00057834,0.00060789,0.000561454,0.000586783,0.000654326,0.000599447,0.000582561,0.000599447,0.000569897,0.000544568,0.00054879,0.000519239,0.000489689,0.000481246,0.000468582,0.00037571,0.000358824,0.000320831,0.000291281,0.000198409,0.00026173,0.000219516,4.22E-05,0,0,0,0,0,0,0,0,0,0,0,0,0,0,0
0,0,0,0,0,0,0,0,0,0,0,0,0,0,0.000101315,0.000384153,0.000443253,0.000384153,0.000451696,0.000477025,0.000527682,0.000523461,0.000574118,0.000641662,0.00060789,0.000641662,0.00063744,0.000624776,0.000628997,0.000624776,0.000658547,0.000658547,0.000628997,0.000645883,0.000612111,0.00060789,0.000633219,0.000591004,0.00054879,0.000527682,0.000506575,0.000472803,0.000455917,0.000417924,0.00037571,0.000333495,0.000291281,0.000299723,0.000215294,5.91E-05,0,0,0,0,0,0,0,0,0,0,0,0,0,0
0,0,0,0,0,0,0,0,0,0,0,0,0,0.000130865,0.000282838,0.000299723,0.00020263,0.000325052,0.00037571,0.000426367,0.000455917,0.000468582,0.000519239,0.00054879,0.00054879,0.000540347,0.000536125,0.000586783,0.000540347,0.000544568,0.000536125,0.000565675,0.000586783,0.000603668,0.000569897,0.000515018,0.000515018,0.000477025,0.000481246,0.000443253,0.00043481,0.000413703,0.000350381,0.000337717,0.000278616,0.000253287,0.000236402,0.000164637,0.000194187,0.000177301,3.38E-05,0,0,0,0,0,0,0,0,0,0,0,0,0
0,0,0,0,0,0,0,0,0,0,0,0,7.18E-05,0.000249066,0.000211073,0.000156194,0.00020263,0.000265952,0.000303945,0.000379931,0.000439032,0.000447475,0.000523461,0.000531904,0.000510796,0.000536125,0.00057834,0.000599447,0.000565675,0.000569897,0.00054879,0.000536125,0.00057834,0.000544568,0.000502353,0.000531904,0.000498132,0.000506575,0.000523461,0.000481246,0.000451696,0.00037571,0.000367267,0.000350381,0.000325052,0.000282838,0.00023218,0.000164637,0.000130865,0.000130865,0.000151972,2.11E-05,0,0,0,0,0,0,0,0,0,0,0,0
0,0,0,0,0,0,0,0,0,0,0,1.27E-05,0.000168858,0.000274395,0.000215294,0.00026173,0.000265952,0.000287059,0.000354602,0.00040526,0.00046436,0.000455917,0.000472803,0.000493911,0.000489689,0.000536125,0.000574118,0.000595226,0.000574118,0.00060789,0.000582561,0.000574118,0.00057834,0.00057834,0.000531904,0.00054879,0.000536125,0.000540347,0.000506575,0.000493911,0.000472803,0.00040526,0.000422146,0.000396817,0.000363045,0.000350381,0.000325052,0.000291281,0.000219516,0.000181523,0.000206851,0.000101315,0,0,0,0,0,0,0,0,0,0,0,0
0,0,0,0,0,0,0,0,0,0,0,8.87E-05,0.000299723,0.000274395,0.000295502,0.000299723,0.000329274,0.000308166,0.000337717,0.000388374,0.000426367,0.00040526,0.000460139,0.000430589,0.000422146,0.000519239,0.000498132,0.000472803,0.000489689,0.000493911,0.000536125,0.000565675,0.000544568,0.000515018,0.000519239,0.000536125,0.000498132,0.000527682,0.000493911,0.000468582,0.000443253,0.00043481,0.000388374,0.00037571,0.000308166,0.00034616,0.000316609,0.000299723,0.000270173,0.000274395,0.000219516,0.000219516,5.49E-05,0,0,0,0,0,0,0,0,0,0,0
0,0,0,0,0,0,0,0,0,0,7.18E-05,0.000270173,0.000341938,0.000295502,0.000295502,0.000303945,0.000312388,0.000303945,0.000325052,0.000371488,0.000409481,0.000379931,0.000396817,0.000401038,0.000371488,0.00037571,0.00046436,0.000481246,0.000477025,0.000455917,0.000447475,0.000426367,0.000430589,0.000384153,0.000426367,0.000396817,0.00043481,0.00040526,0.000354602,0.000325052,0.000367267,0.000384153,0.000363045,0.000329274,0.000337717,0.000316609,0.000329274,0.00026173,0.000236402,0.000219516,0.000168858,0.000177301,0.000177301,2.11E-05,0,0,0,0,0,0,0,0,0,0
0,0,0,0,0,0,0,0,0,1.69E-05,0.000211073,0.000396817,0.000341938,0.000291281,0.000291281,0.000316609,0.000295502,0.000278616,0.000299723,0.000354602,0.000396817,0.000388374,0.000422146,0.000417924,0.000384153,0.000422146,0.000430589,0.000443253,0.000506575,0.000489689,0.000477025,0.000447475,0.000455917,0.000485468,0.000417924,0.000430589,0.000413703,0.000422146,0.000379931,0.000367267,0.000379931,0.000350381,0.000363045,0.000299723,0.000333495,0.00034616,0.000303945,0.000253287,0.000265952,0.000274395,0.000227959,0.000206851,0.000227959,0.000139308,0,0,0,0,0,0,0,0,0,0
0,0,0,0,0,0,0,0,0,9.29E-05,0.000468582,0.000447475,0.000363045,0.000354602,0.000354602,0.00037571,0.000401038,0.000455917,0.000485468,0.000519239,0.00054879,0.000557232,0.000569897,0.000569897,0.000553011,0.000527682,0.000557232,0.000574118,0.000624776,0.000603668,0.000645883,0.000591004,0.000561454,0.000599447,0.00060789,0.000574118,0.000582561,0.000553011,0.000523461,0.000536125,0.000527682,0.000485468,0.000540347,0.000506575,0.000481246,0.000498132,0.00043481,0.000379931,0.000388374,0.000363045,0.000308166,0.000379931,0.000426367,0.000337717,6.75E-05,0,0,0,0,0,0,0,0,0
0,0,0,0,0,0,0,0,0,0.000341938,0.00060789,0.000506575,0.000439032,0.000430589,0.00043481,0.000489689,0.000489689,0.00057834,0.000582561,0.000620554,0.000645883,0.000650104,0.000679655,0.00066699,0.000696541,0.000671212,0.000671212,0.000717648,0.000764084,0.000768305,0.000730312,0.000709205,0.000692319,0.000709205,0.000730312,0.000675433,0.000641662,0.000654326,0.000628997,0.000624776,0.000654326,0.000675433,0.000721869,0.000683876,0.000658547,0.000599447,0.000565675,0.000531904,0.000481246,0.000485468,0.000481246,0.000519239,0.000544568,0.000586783,0.000282838,2.11E-05,0,0,0,0,0,0,0,0
0,0,0,0,0,0,0,0,0.000118201,0.000616333,0.00081052,0.000730312,0.000641662,0.000595226,0.000582561,0.000675433,0.00063744,0.00060789,0.000645883,0.000633219,0.000595226,0.000612111,0.000633219,0.000620554,0.000692319,0.000645883,0.000662769,0.000671212,0.000717648,0.000802077,0.000806298,0.000721869,0.00066699,0.000688098,0.000671212,0.000675433,0.000658547,0.000620554,0.000675433,0.000696541,0.000717648,0.000721869,0.000704983,0.000797855,0.000764084,0.000671212,0.00060789,0.000620554,0.000599447,0.000599447,0.000574118,0.000650104,0.000700762,0.000772527,0.000645883,0.000109758,0,0,0,0,0,0,0,0
0,0,0,0,0,0,0,4.22E-06,0.000472803,0.00122422,0.00117357,0.000882285,0.000751419,0.000730312,0.000721869,0.000696541,0.000726091,0.000797855,0.000755641,0.000704983,0.000603668,0.000654326,0.000688098,0.000726091,0.000662769,0.000692319,0.000721869,0.000704983,0.000730312,0.000768305,0.000776748,0.000751419,0.000700762,0.000742977,0.000772527,0.000734534,0.000785191,0.000721869,0.000704983,0.000764084,0.000747198,0.000793634,0.000755641,0.000742977,0.000700762,0.000755641,0.000772527,0.000709205,0.000692319,0.000704983,0.000823184,0.000827406,0.000907613,0.000975157,0.0011018,0.000401038,8.44E-06,0,0,0,0,0,0,0
0,0,0,0,0,0,0,9.71E-05,0.000962492,0.00132132,0.00114824,0.00103848,0.000903392,0.000882285,0.000937164,0.0009836,0.000992043,0.000970935,0.000886506,0.000797855,0.000726091,0.000738755,0.000717648,0.000721869,0.000675433,0.000688098,0.000696541,0.000675433,0.000734534,0.000768305,0.000772527,0.000755641,0.000633219,0.000679655,0.000704983,0.000738755,0.000785191,0.000742977,0.000738755,0.000823184,0.000776748,0.00084007,0.00081052,0.000785191,0.000776748,0.000759862,0.000818963,0.000789413,0.000776748,0.000764084,0.000848513,0.000865399,0.000907613,0.00100049,0.00118623,0.000759862,0.000113979,0,0,0,0,0,0,0
0,0,0,0,0,0,0,0.000168858,0.00109758,0.00122844,0.00116512,0.00105114,0.00101737,0.00101315,0.000970935,0.000992043,0.000958271,0.000979378,0.000949828,0.000878063,0.000759862,0.000721869,0.00078097,0.000789413,0.000759862,0.000696541,0.000738755,0.000713426,0.000730312,0.000789413,0.000764084,0.000742977,0.000713426,0.000717648,0.000751419,0.000751419,0.000802077,0.000814741,0.000759862,0.00084007,0.000793634,0.00084007,0.000823184,0.000742977,0.000772527,0.000802077,0.000861177,0.000861177,0.00086962,0.000852734,0.000835849,0.000852734,0.000916056,0.000992043,0.00118623,0.00103848,0.000291281,0,0,0,0,0,0,0
0,0,0,0,0,0,0,0.000367267,0.00123267,0.00120312,0.00102159,0.000928721,0.000882285,0.000818963,0.000814741,0.000835849,0.000835849,0.000818963,0.00081052,0.00078097,0.000717648,0.000645883,0.000679655,0.000692319,0.00066699,0.000616333,0.000624776,0.000603668,0.000612111,0.000650104,0.000683876,0.000650104,0.000620554,0.000662769,0.00066699,0.000650104,0.000633219,0.000662769,0.000679655,0.000713426,0.000717648,0.000730312,0.000717648,0.000730312,0.000755641,0.000789413,0.000751419,0.000789413,0.000734534,0.000688098,0.000671212,0.000747198,0.000747198,0.00089917,0.000992043,0.000979378,0.000341938,0,0,0,0,0,0,0
0,0,0,0,0,0,8.44E-06,0.00037571,0.000924499,0.000806298,0.000645883,0.000561454,0.000582561,0.000599447,0.000595226,0.000599447,0.000616333,0.000679655,0.000633219,0.000620554,0.000561454,0.000557232,0.000565675,0.000557232,0.000599447,0.000574118,0.000515018,0.000527682,0.00054879,0.000515018,0.000536125,0.000477025,0.00046436,0.000493911,0.000540347,0.000489689,0.000557232,0.000510796,0.000523461,0.000553011,0.000569897,0.00060789,0.000565675,0.000557232,0.000531904,0.000650104,0.000671212,0.000650104,0.000633219,0.000574118,0.000540347,0.000544568,0.000510796,0.000612111,0.000692319,0.000827406,0.000388374,1.69E-05,0,0,0,0,0,0
0,0,0,0,0,0,8.44E-06,0.000219516,0.000498132,0.000417924,0.000337717,0.000325052,0.00037571,0.000396817,0.000489689,0.000527682,0.000527682,0.000489689,0.000485468,0.000485468,0.000498132,0.00043481,0.000460139,0.000468582,0.000489689,0.000472803,0.000451696,0.000472803,0.000455917,0.000409481,0.000417924,0.000379931,0.000392596,0.00043481,0.000443253,0.000413703,0.000451696,0.000460139,0.000481246,0.000498132,0.000498132,0.000493911,0.000510796,0.000506575,0.000451696,0.000502353,0.000540347,0.000531904,0.000557232,0.000477025,0.000392596,0.000367267,0.000270173,0.000265952,0.000337717,0.000439032,0.000236402,1.69E-05,0,0,0,0,0,0
0,0,0,0,0,0,0,8.44E-05,0.00026173,0.000244845,0.000215294,0.000265952,0.000299723,0.000325052,0.000422146,0.000443253,0.000439032,0.000422146,0.00043481,0.000447475,0.00046436,0.000443253,0.00046436,0.000455917,0.000455917,0.000455917,0.000443253,0.000443253,0.000409481,0.000417924,0.000379931,0.000337717,0.000350381,0.000388374,0.000384153,0.000354602,0.000409481,0.00040526,0.000396817,0.000392596,0.000341938,0.000392596,0.000409481,0.000422146,0.000430589,0.000439032,0.000455917,0.000447475,0.000472803,0.000417924,0.000354602,0.000308166,0.000244845,0.000211073,0.00023218,0.000240623,0.000168858,0,0,0,0,0,0,0
0,0,0,0,0,0,0,6.75E-05,0.000139308,0.000189966,0.00020263,0.000265952,0.000278616,0.000274395,0.000367267,0.000396817,0.000379931,0.000333495,0.00037571,0.00037571,0.00040526,0.000384153,0.000388374,0.000354602,0.000363045,0.000384153,0.00037571,0.000417924,0.000384153,0.00040526,0.000363045,0.000367267,0.000350381,0.000350381,0.000341938,0.000337717,0.000358824,0.000358824,0.000367267,0.000354602,0.000337717,0.000333495,0.00034616,0.000337717,0.000325052,0.00034616,0.00037571,0.000388374,0.000392596,0.00034616,0.000303945,0.000270173,0.000215294,0.000151972,0.000147751,0.000109758,8.02E-05,0,0,0,0,0,0,0
0,0,0,0,0,0,0,4.64E-05,0.000105536,0.000135087,0.000139308,0.00020263,0.000211073,0.000206851,0.000223737,0.000253287,0.000274395,0.000282838,0.000303945,0.000291281,0.000333495,0.000341938,0.000358824,0.000379931,0.000367267,0.000363045,0.000384153,0.000379931,0.000371488,0.000371488,0.000358824,0.000354602,0.000363045,0.000363045,0.000312388,0.000312388,0.000320831,0.000308166,0.000299723,0.000312388,0.000299723,0.000282838,0.000287059,0.00026173,0.000308166,0.000312388,0.000320831,0.000337717,0.000303945,0.000287059,0.000236402,0.000185744,0.000151972,0.000118201,6.75E-05,4.64E-05,2.53E-05,0,0,0,0,0,0,0
0,0,0,0,0,0,0,2.11E-05,6.75E-05,9.71E-05,0.000109758,0.000160415,0.000189966,0.000189966,0.000206851,0.000227959,0.000236402,0.000270173,0.000282838,0.000287059,0.000320831,0.000333495,0.000333495,0.000354602,0.000363045,0.000358824,0.000354602,0.000350381,0.000358824,0.00037571,0.000354602,0.000329274,0.000337717,0.000333495,0.000308166,0.000278616,0.000287059,0.000282838,0.000265952,0.000257509,0.000244845,0.000257509,0.000236402,0.000253287,0.000249066,0.000249066,0.000249066,0.000244845,0.00023218,0.000215294,0.000185744,0.000160415,0.000105536,6.75E-05,4.64E-05,1.27E-05,1.69E-05,0,0,0,0,0,0,0
0,0,0,0,0,0,0,3.80E-05,5.91E-05,7.60E-05,7.60E-05,0.000122422,0.000130865,0.000147751,0.000168858,0.000185744,0.000215294,0.000219516,0.000274395,0.000325052,0.000333495,0.000320831,0.000320831,0.000354602,0.000333495,0.000350381,0.000341938,0.000354602,0.000329274,0.000320831,0.000308166,0.000295502,0.000303945,0.000308166,0.000299723,0.000274395,0.000278616,0.000274395,0.000249066,0.000236402,0.000244845,0.000227959,0.000189966,0.000189966,0.000168858,0.000168858,0.000185744,0.000164637,0.00014353,0.000126644,0.000130865,0.000109758,7.18E-05,4.22E-05,3.38E-05,4.22E-06,1.27E-05,0,0,0,0,0,0,0
0,0,0,0,0,0,0,2.53E-05,9.29E-05,0.000109758,0.000126644,0.000130865,0.000181523,0.000206851,0.00023218,0.00020263,0.00023218,0.000206851,0.000240623,0.000253287,0.000303945,0.000316609,0.000325052,0.000341938,0.000337717,0.000341938,0.000379931,0.000379931,0.000354602,0.000295502,0.000303945,0.000291281,0.000299723,0.000282838,0.000303945,0.000291281,0.000257509,0.000274395,0.00023218,0.000236402,0.000253287,0.000240623,0.00020263,0.00020263,0.000164637,0.000177301,0.000160415,0.000160415,0.000130865,0.000126644,0.000101315,8.87E-05,8.44E-05,5.49E-05,4.64E-05,4.22E-05,1.27E-05,0,0,0,0,0,0,0
0,0,0,0,0,0,0,5.49E-05,0.00023218,0.000223737,0.000257509,0.000265952,0.000291281,0.000291281,0.000291281,0.000282838,0.000274395,0.000240623,0.000274395,0.000257509,0.000354602,0.000337717,0.000316609,0.000333495,0.000363045,0.000388374,0.000388374,0.000401038,0.000409481,0.00037571,0.000396817,0.000367267,0.000388374,0.000396817,0.000392596,0.00040526,0.000388374,0.000384153,0.000392596,0.00034616,0.000333495,0.000308166,0.000274395,0.000240623,0.000219516,0.000219516,0.000194187,0.000156194,0.000181523,0.000156194,0.000164637,0.000130865,0.000139308,0.000118201,0.000109758,0.000151972,2.96E-05,0,0,0,0,0,0,0
0,0,0,0,0,0,0,0.000126644,0.00043481,0.000451696,0.000401038,0.000417924,0.000371488,0.000341938,0.000350381,0.000354602,0.000333495,0.000337717,0.000363045,0.000409481,0.00046436,0.000493911,0.000502353,0.000498132,0.000502353,0.000515018,0.000506575,0.000506575,0.000544568,0.000574118,0.000569897,0.000540347,0.000536125,0.00054879,0.000561454,0.00054879,0.000544568,0.000506575,0.000540347,0.000489689,0.000493911,0.000417924,0.000422146,0.000341938,0.000333495,0.000316609,0.000295502,0.000270173,0.000270173,0.000257509,0.000274395,0.000257509,0.000265952,0.000270173,0.000308166,0.000320831,6.75E-05,0,0,0,0,0,0,0
0,0,0,0,0,0,0,9.29E-05,0.000515018,0.000561454,0.000515018,0.000506575,0.00046436,0.000447475,0.000447475,0.000447475,0.000426367,0.00046436,0.000468582,0.000544568,0.000531904,0.000510796,0.000553011,0.000519239,0.000565675,0.000599447,0.000582561,0.000574118,0.000586783,0.000574118,0.000633219,0.000641662,0.000628997,0.000658547,0.000641662,0.00060789,0.00060789,0.000620554,0.000633219,0.000569897,0.000565675,0.000531904,0.000527682,0.000515018,0.000536125,0.000523461,0.000481246,0.000447475,0.000430589,0.000417924,0.000426367,0.000430589,0.00046436,0.000481246,0.000553011,0.00046436,5.91E-05,0,0,0,0,0,0,0
0,0,0,0,0,0,0,4.64E-05,0.000616333,0.000865399,0.000688098,0.000645883,0.000586783,0.000591004,0.000565675,0.000624776,0.000523461,0.000582561,0.000595226,0.000616333,0.000658547,0.000671212,0.000645883,0.000658547,0.000704983,0.000730312,0.000726091,0.000662769,0.000624776,0.000641662,0.000675433,0.000671212,0.000721869,0.000717648,0.000713426,0.000671212,0.000658547,0.000662769,0.000662769,0.000624776,0.000624776,0.000641662,0.000620554,0.000645883,0.00057834,0.000586783,0.000565675,0.000531904,0.00054879,0.000591004,0.000531904,0.00057834,0.00066699,0.000709205,0.000844292,0.00066699,8.02E-05,0,0,0,0,0,0,0
0,0,0,0,0,0,0,1.27E-05,0.000417924,0.000916056,0.000861177,0.000772527,0.000768305,0.000818963,0.000755641,0.000747198,0.000688098,0.000704983,0.000675433,0.000645883,0.00066699,0.00066699,0.000650104,0.000662769,0.000709205,0.000747198,0.000759862,0.000713426,0.000717648,0.000742977,0.000747198,0.000730312,0.000742977,0.000704983,0.000721869,0.000713426,0.000696541,0.000726091,0.000662769,0.000683876,0.000662769,0.000658547,0.000641662,0.00066699,0.000679655,0.000641662,0.000641662,0.000662769,0.000692319,0.000721869,0.000700762,0.000675433,0.000776748,0.000911835,0.000958271,0.000645883,1.69E-05,0,0,0,0,0,0,0
0,0,0,0,0,0,0,0,0.000270173,0.000962492,0.00105959,0.000920278,0.000949828,0.00086962,0.000852734,0.000806298,0.000738755,0.000755641,0.00078097,0.000730312,0.000717648,0.000675433,0.000624776,0.000662769,0.000696541,0.000738755,0.000776748,0.000764084,0.000730312,0.000742977,0.000768305,0.000755641,0.000734534,0.000738755,0.000704983,0.000700762,0.000742977,0.000713426,0.000641662,0.00066699,0.000662769,0.00063744,0.000704983,0.000730312,0.000713426,0.000747198,0.000772527,0.00081052,0.000835849,0.00084007,0.000776748,0.000764084,0.000831627,0.000937164,0.00101315,0.000358824,0,0,0,0,0,0,0,0
0,0,0,0,0,0,0,0,0.000118201,0.000713426,0.00105959,0.000903392,0.000886506,0.000797855,0.000768305,0.000700762,0.000679655,0.000696541,0.000742977,0.000751419,0.000759862,0.000726091,0.000747198,0.000742977,0.000704983,0.000751419,0.000751419,0.000789413,0.000861177,0.000848513,0.000844292,0.000793634,0.000751419,0.000734534,0.000713426,0.000730312,0.000726091,0.000759862,0.000713426,0.000650104,0.000586783,0.000612111,0.000688098,0.000700762,0.000747198,0.000831627,0.00089917,0.000886506,0.000852734,0.000886506,0.000802077,0.000730312,0.000861177,0.00105536,0.000768305,0.000135087,0,0,0,0,0,0,0,0
0,0,0,0,0,0,0,0,2.53E-05,0.00026173,0.000882285,0.000772527,0.000721869,0.000721869,0.00063744,0.00063744,0.000599447,0.00066699,0.000688098,0.000654326,0.000730312,0.000683876,0.000751419,0.000747198,0.000747198,0.000797855,0.000797855,0.000802077,0.000742977,0.000738755,0.000772527,0.000742977,0.000759862,0.000802077,0.000806298,0.000831627,0.000802077,0.000730312,0.000683876,0.000574118,0.000574118,0.000586783,0.000624776,0.000633219,0.000675433,0.000650104,0.00066699,0.000726091,0.000717648,0.000726091,0.000688098,0.000717648,0.000755641,0.000907613,0.00046436,2.53E-05,0,0,0,0,0,0,0,0
0,0,0,0,0,0,0,0,0,9.71E-05,0.000426367,0.000654326,0.000641662,0.000603668,0.000565675,0.000603668,0.000612111,0.000603668,0.000603668,0.000620554,0.00063744,0.000709205,0.000793634,0.000734534,0.000755641,0.000721869,0.000717648,0.000683876,0.00060789,0.000650104,0.000641662,0.000628997,0.000654326,0.000704983,0.000688098,0.000713426,0.000645883,0.00063744,0.000591004,0.00054879,0.000531904,0.000523461,0.000536125,0.000595226,0.00063744,0.000633219,0.000645883,0.00060789,0.000544568,0.000531904,0.00054879,0.00057834,0.000591004,0.00054879,0.000164637,0,0,0,0,0,0,0,0,0
0,0,0,0,0,0,0,0,0,2.96E-05,0.000177301,0.000468582,0.000498132,0.000485468,0.000455917,0.000561454,0.000561454,0.000527682,0.000536125,0.000519239,0.000540347,0.000620554,0.000692319,0.000675433,0.00066699,0.000654326,0.000662769,0.000591004,0.000582561,0.000565675,0.000582561,0.000628997,0.000599447,0.000658547,0.00060789,0.000650104,0.00063744,0.000574118,0.000565675,0.000481246,0.000493911,0.000468582,0.000481246,0.000481246,0.000561454,0.000536125,0.000574118,0.000569897,0.000502353,0.000447475,0.000379931,0.000396817,0.000396817,0.000211073,1.27E-05,0,0,0,0,0,0,0,0,0
0,0,0,0,0,0,0,0,0,0,6.33E-05,0.000189966,0.000333495,0.000341938,0.000363045,0.000358824,0.000439032,0.00046436,0.000493911,0.000489689,0.000531904,0.000591004,0.000628997,0.00060789,0.00060789,0.000586783,0.00057834,0.000519239,0.000468582,0.000489689,0.000502353,0.000523461,0.000540347,0.000565675,0.000498132,0.000519239,0.000510796,0.000481246,0.000472803,0.000447475,0.000460139,0.000481246,0.000472803,0.000489689,0.000553011,0.000544568,0.00057834,0.000523461,0.000451696,0.000430589,0.000354602,0.00026173,0.000151972,4.22E-05,0,0,0,0,0,0,0,0,0,0
0,0,0,0,0,0,0,0,0,0,4.22E-06,7.60E-05,0.000126644,0.000177301,0.000211073,0.000270173,0.000325052,0.000379931,0.000384153,0.000422146,0.000451696,0.00046436,0.000489689,0.000460139,0.000468582,0.000489689,0.000481246,0.000443253,0.00040526,0.000443253,0.000455917,0.000451696,0.000443253,0.000468582,0.000472803,0.000460139,0.000451696,0.000443253,0.000451696,0.000401038,0.000401038,0.000426367,0.00043481,0.000485468,0.000544568,0.000553011,0.000569897,0.000502353,0.000409481,0.000333495,0.000236402,0.000122422,5.07E-05,0,0,0,0,0,0,0,0,0,0,0
0,0,0,0,0,0,0,0,0,0,0,1.27E-05,7.60E-05,8.44E-05,0.000160415,0.000206851,0.000253287,0.000282838,0.000316609,0.000316609,0.000354602,0.000379931,0.000388374,0.000401038,0.000443253,0.000426367,0.00046436,0.000439032,0.000430589,0.000447475,0.000477025,0.000485468,0.000477025,0.000439032,0.00043481,0.000409481,0.000401038,0.000413703,0.000396817,0.000379931,0.000350381,0.000333495,0.000350381,0.00034616,0.000350381,0.000350381,0.00034616,0.000308166,0.000253287,0.000198409,0.000113979,5.91E-05,4.22E-06,0,0,0,0,0,0,0,0,0,0,0
0,0,0,0,0,0,0,0,0,0,0,0,2.53E-05,3.38E-05,7.60E-05,0.000147751,0.000177301,0.000198409,0.000219516,0.000253287,0.000274395,0.000320831,0.000337717,0.000358824,0.000388374,0.000379931,0.000379931,0.000401038,0.000384153,0.000401038,0.000367267,0.000367267,0.000396817,0.000384153,0.000350381,0.000358824,0.000320831,0.000278616,0.000295502,0.000303945,0.000287059,0.000282838,0.000282838,0.000249066,0.000253287,0.000215294,0.000211073,0.000215294,0.000151972,8.44E-05,4.64E-05,3.38E-05,0,0,0,0,0,0,0,0,0,0,0,0
0,0,0,0,0,0,0,0,0,0,0,0,0,3.80E-05,1.27E-05,4.64E-05,0.000105536,0.000156194,0.000198409,0.000219516,0.000287059,0.000303945,0.000320831,0.000337717,0.000367267,0.000341938,0.000299723,0.000291281,0.000312388,0.000325052,0.000358824,0.000350381,0.000320831,0.000329274,0.000316609,0.000320831,0.000295502,0.00026173,0.000223737,0.000211073,0.000236402,0.000227959,0.000236402,0.000219516,0.000139308,0.000135087,0.000135087,0.000105536,6.33E-05,4.22E-05,3.80E-05,0,0,0,0,0,0,0,0,0,0,0,0,0
0,0,0,0,0,0,0,0,0,0,0,0,0,0,1.69E-05,3.38E-05,8.44E-05,0.000109758,0.000177301,0.000240623,0.000295502,0.000308166,0.000303945,0.000295502,0.000337717,0.000337717,0.000312388,0.000333495,0.00034616,0.000354602,0.000371488,0.000388374,0.000367267,0.000354602,0.000329274,0.000325052,0.00026173,0.000219516,0.000211073,0.000206851,0.000198409,0.000189966,0.00020263,0.000181523,0.000122422,9.29E-05,6.75E-05,4.64E-05,3.38E-05,4.22E-05,0,0,0,0,0,0,0,0,0,0,0,0,0,0
0,0,0,0,0,0,0,0,0,0,0,0,0,0,0,2.96E-05,0.000151972,0.000206851,0.000147751,0.000198409,0.000227959,0.000270173,0.000295502,0.000337717,0.000363045,0.000392596,0.000422146,0.000401038,0.00046436,0.000472803,0.00046436,0.000502353,0.00043481,0.000430589,0.000401038,0.000417924,0.000384153,0.000308166,0.000278616,0.00023218,0.000198409,0.00017308,0.00017308,0.000181523,0.000126644,7.60E-05,5.49E-05,0.000135087,3.80E-05,0,0,0,0,0,0,0,0,0,0,0,0,0,0,0
0,0,0,0,0,0,0,0,0,0,0,0,0,0,0,0,5.91E-05,0.000489689,0.000561454,0.000270173,0.000211073,0.000299723,0.000388374,0.000447475,0.000472803,0.000498132,0.000510796,0.000553011,0.000569897,0.000569897,0.000565675,0.000553011,0.000506575,0.000502353,0.000489689,0.000489689,0.000460139,0.000498132,0.000485468,0.000430589,0.000367267,0.000312388,0.000316609,0.000227959,0.000236402,0.000308166,0.000354602,6.75E-05,0,0,0,0,0,0,0,0,0,0,0,0,0,0,0,0
0,0,0,0,0,0,0,0,0,0,0,0,0,0,0,0,0,1.69E-05,0.000350381,0.000717648,0.000468582,0.000308166,0.000401038,0.000502353,0.000523461,0.000477025,0.000557232,0.000574118,0.000595226,0.000628997,0.000599447,0.000582561,0.000531904,0.000569897,0.000553011,0.000595226,0.000591004,0.000569897,0.000531904,0.000417924,0.000358824,0.000303945,0.000341938,0.000502353,0.000679655,0.000430589,2.96E-05,0,0,0,0,0,0,0,0,0,0,0,0,0,0,0,0,0
0,0,0,0,0,0,0,0,0,0,0,0,0,0,0,0,0,0,0,0.00014353,0.000274395,0.000591004,0.000679655,0.000645883,0.00060789,0.000620554,0.000700762,0.000797855,0.000848513,0.000852734,0.000831627,0.000848513,0.000865399,0.000806298,0.000844292,0.000852734,0.000873842,0.000776748,0.000692319,0.000553011,0.000574118,0.000700762,0.000679655,0.000409481,0.000118201,0,0,0,0,0,0,0,0,0,0,0,0,0,0,0,0,0,0,0
0,0,0,0,0,0,0,0,0,0,0,0,0,0,0,0,0,0,0,0,0,5.49E-05,0.000337717,0.0010427,0.00157883,0.00172235,0.00172235,0.00153239,0.00140575,0.00136353,0.00140152,0.00142263,0.0013382,0.0012791,0.00127488,0.00128754,0.00131709,0.00140997,0.00146062,0.00140997,0.00116934,0.000553011,8.87E-05,0,0,0,0,0,0,0,0,0,0,0,0,0,0,0,0,0,0,0,0,0
0,0,0,0,0,0,0,0,0,0,0,0,0,0,0,0,0,0,0,0,0,0,0,0,0.000249066,0.00084007,0.00178568,0.00242734,0.00291281,0.0031872,0.00350803,0.00365578,0.00365578,0.00352492,0.00325052,0.003069,0.00267218,0.00188277,0.000802077,0.00026173,4.64E-05,0,0,0,0,0,0,0,0,0,0,0,0,0,0,0,0,0,0,0,0,0,0,0
0,0,0,0,0,0,0,0,0,0,0,0,0,0,0,0,0,0,0,0,0,0,0,0,0,0,0,2.53E-05,0.000287059,0.00063744,0.000941385,0.00133398,0.00123689,0.000970935,0.00063744,0.00026173,2.53E-05,0,0,0,0,0,0,0,0,0,0,0,0,0,0,0,0,0,0,0,0,0,0,0,0,0,0,0
0,0,0,0,0,0,0,0,0,0,0,0,0,0,0,0,0,0,0,0,0,0,0,0,0,0,0,0,0,0,0,0,0,0,0,0,0,0,0,0,0,0,0,0,0,0,0,0,0,0,0,0,0,0,0,0,0,0,0,0,0,0,0,0
0,0,0,0,0,0,0,0,0,0,0,0,0,0,0,0,0,0,0,0,0,0,0,0,0,0,0,0,0,0,0,0,0,0,0,0,0,0,0,0,0,0,0,0,0,0,0,0,0,0,0,0,0,0,0,0,0,0,0,0,0,0,0,0
0,0,0,0,0,0,0,0,0,0,0,0,0,0,0,0,0,0,0,0,0,0,0,0,0,0,0,0,0,0,0,0,0,0,0,0,0,0,0,0,0,0,0,0,0,0,0,0,0,0,0,0,0,0,0,0,0,0,0,0,0,0,0,0
0,0,0,0,0,0,0,0,0,0,0,0,0,0,0,0,0,0,0,0,0,0,0,0,0,0,0,0,0,0,0,0,0,0,0,0,0,0,0,0,0,0,0,0,0,0,0,0,0,0,0,0,0,0,0,0,0,0,0,0,0,0,0,0
0,0,0,0,0,0,0,0,0,0,0,0,0,0,0,0,0,0,0,0,0,0,0,0,0,0,0,0,0,0,0,0,0,0,0,0,0,0,0,0,0,0,0,0,0,0,0,0,0,0,0,0,0,0,0,0,0,0,0,0,0,0,0,0
0,0,0,0,0,0,0,0,0,0,0,0,0,0,0,0,0,0,0,0,0,0,0,0,0,0,0,0,0,0,0,0,0,0,0,0,0,0,0,0,0,0,0,0,0,0,0,0,0,0,0,0,0,0,0,0,0,0,0,0,0,0,0,0
